<?xml version="1.0" encoding="UTF-8"?>
<!--
   - Kuali Coeus, a comprehensive research administration system for higher education.
   - 
   - Copyright 2005-2015 Kuali, Inc.
   - 
   - This program is free software: you can redistribute it and/or modify
   - it under the terms of the GNU Affero General Public License as
   - published by the Free Software Foundation, either version 3 of the
   - License, or (at your option) any later version.
   - 
   - This program is distributed in the hope that it will be useful,
   - but WITHOUT ANY WARRANTY; without even the implied warranty of
   - MERCHANTABILITY or FITNESS FOR A PARTICULAR PURPOSE.  See the
   - GNU Affero General Public License for more details.
   - 
   - You should have received a copy of the GNU Affero General Public License
   - along with this program.  If not, see <http://www.gnu.org/licenses/>.
 -->
<data xmlns="ns:workflow" xmlns:xsi="http://www.w3.org/2001/XMLSchema-instance" xsi:schemaLocation="ns:workflow resource:WorkflowData">
	<documentTypes xmlns="ns:workflow/DocumentType" xsi:schemaLocation="ns:workflow/DocumentType resource:DocumentType">
		<documentType>
			<name>CoiDisclosureDocument</name>
			<parent>KC</parent>
			<description>Manage COI Disclosure</description>
			<label>KC COI Disclosure</label>
			<postProcessorName>org.kuali.rice.krad.workflow.postprocessor.KualiPostProcessor</postProcessorName>
			<superUserWorkgroupName>KC-WKFLW:KcAdmin</superUserWorkgroupName>
			<blanketApproveWorkgroupName>KC-WKFLW:KcAdmin</blanketApproveWorkgroupName>
			<defaultExceptionWorkgroupName>KC-WKFLW:KcAdmin</defaultExceptionWorkgroupName>
			<docHandler>${kuali.docHandler.url.prefix}/coiDisclosure.do?methodToCall=docHandler</docHandler>
			<helpDefinitionURL>default.htm?turl=Documents/disclosure.htm</helpDefinitionURL>
			<active>true</active>
			<routingVersion>2</routingVersion>
			<routePaths>
				<routePath>
					<start name="Initiated" nextNode="PeopleFlows" />
                    <requests name="PeopleFlows" nextNode="COIReview" />
					<requests name="COIReview" /> 
				</routePath>
			</routePaths>
			<routeNodes>
				<start name="Initiated">
					<activationType>P</activationType>
					<mandatoryRoute>false</mandatoryRoute>
					<finalApproval>false</finalApproval>
				</start>
                <requests name="PeopleFlows">
                    <activationType>R</activationType>
                    <rulesEngine executorClass="org.kuali.kra.coi.CoiDisclosureRulesEngineExecutorImpl"/>
                </requests>
				<role name="COIReview">
					<qualifierResolver>CoiDisclosureApprover-XPathQualifierResolver</qualifierResolver>
                    <activationType>P</activationType>
                    <mandatoryRoute>true</mandatoryRoute>                    
					<finalApproval>false</finalApproval>
	            </role>				
			</routeNodes>
		</documentType>
	</documentTypes>
	<ruleAttributes xmlns="ns:workflow/RuleAttribute"
		xsi:schemaLocation="ns:workflow/RuleAttribute resource:RuleAttribute">
	<ruleAttribute>
			<name>CoiDisclosureApprover-XPathQualifierResolver</name>
			<className>org.kuali.rice.kew.role.XPathQualifierResolver</className>
			<label>CoiDisclosureApprover-XPathQualifierResolver</label>
			<description>To limit the Approval Request to be routed to CoiDisclosureApprovers for this protocol only</description>
			<type>QualifierResolver</type>
			<serviceNamespace>KC</serviceNamespace>
			<resolverConfig>
				<!-- For unit hierarchy type roles, the unit number attribute needs to be sent to the resolver.
				The attribute name here is really the KRIM_ATTR_DEFN_T name. So the attribute name SHOULD be unitNumber, 
				not leadUnitNumber otherwise KIM will not be able to match this with the
				KRIM_ATTR_DEFN_T type "unitNumber" that is mapped to KRIM_ROLE_MBR_ATTR_DATA_T for the members of the 
				role COI Administrator -->
				<attributes name="unitNumber">
				<!-- This gigantic xpath expression is because the lead unit number is not actually stored in the disclosure
				but in the disclosurePersonUnit which is in disclosurePerson which is in disclosure. If this results in overhead, unitNUmber
				should be stored in the coiDisclosure itself-->
				<xPathExpression>//document/coiDisclosureList[1]/org.kuali.kra.coi.CoiDisclosure[1]/disclosurePersons[1]/org.kuali.kra.coi.disclosure.DisclosurePerson[1]/disclosurePersonUnits[1]/org.kuali.kra.coi.disclosure.DisclosurePersonUnit[1]/unitNumber[1]</xPathExpression>
				</attributes>
			</resolverConfig>
		</ruleAttribute>		
	</ruleAttributes>
		
	<ruleTemplates xmlns="ns:workflow/RuleTemplate" xsi:schemaLocation="ns:workflow/RuleTemplate resource:RuleTemplate">        
	</ruleTemplates>
	
	<rules xmlns="ns:workflow/Rule" xsi:schemaLocation="ns:workflow/Rule resource:Rule">
	</rules>
</data>
