<?xml version="1.0" encoding="UTF-8"?>
<!--
   - Kuali Coeus, a comprehensive research administration system for higher education.
   - 
   - Copyright 2005-2015 Kuali, Inc.
   - 
   - This program is free software: you can redistribute it and/or modify
   - it under the terms of the GNU Affero General Public License as
   - published by the Free Software Foundation, either version 3 of the
   - License, or (at your option) any later version.
   - 
   - This program is distributed in the hope that it will be useful,
   - but WITHOUT ANY WARRANTY; without even the implied warranty of
   - MERCHANTABILITY or FITNESS FOR A PARTICULAR PURPOSE.  See the
   - GNU Affero General Public License for more details.
   - 
   - You should have received a copy of the GNU Affero General Public License
   - along with this program.  If not, see <http://www.gnu.org/licenses/>.
 -->
<data xmlns="ns:workflow" xmlns:xsi="http://www.w3.org/2001/XMLSchema-instance" xsi:schemaLocation="ns:workflow resource:WorkflowData">
  <documentTypes xmlns="ns:workflow/DocumentType" xsi:schemaLocation="ns:workflow/DocumentType resource:DocumentType">
  <documentType>
    <name>ProposalDevelopmentDocument</name>
    <parent>KC</parent>
    <description>Create an Awesome Development Proposal</description>
    <label>Proposal Development Document</label>
    <postProcessorName>org.kuali.coeus.sys.framework.workflow.KcPostProcessor</postProcessorName>
    <superUserGroupName namespace="KC-WKFLW">OSP Superuser</superUserGroupName>
    <defaultExceptionGroupName namespace="KC-WKFLW">ProposalAdmin</defaultExceptionGroupName>
    <docHandler>${kuali.docHandler.url.prefix}/kc-pd-krad/proposalDevelopment?methodToCall=docHandler</docHandler>
    <helpDefinitionURL>default.htm?turl=Documents/proposaldevelopment.htm</helpDefinitionURL>
    <authorizer>org.kuali.coeus.propdev.impl.auth.ProposalDevelopmentWorkflowDocumentAuthorizer</authorizer>
    <active>true</active>
      <policies>
        <policy>
          <name>LOOK_FUTURE</name>
          <value>true</value>
        </policy>
        <policy>
          <name>INITIATOR_MUST_ROUTE</name>
          <value>false</value>
        </policy>
        <policy>
          <name>INITIATOR_MUST_CANCEL</name>
          <value>false</value>
        </policy>
        <policy>
          <name>DOCUMENT_STATUS_POLICY</name>
          <stringValue>app</stringValue>
        </policy>
        <policy>
          <name>DOC_SEARCH_TARGET</name>
          <stringValue>_parent</stringValue>
        </policy>
      </policies>
    <attributes>
    <attribute>
      <name>CopyCustomActionListAttribute</name>
    </attribute>
    <attribute>
      <name>AggregatorSearchAttribute</name>
    </attribute>
    <attribute>
      <name>BudgetCreatorSearchAttribute</name>
    </attribute>
    <attribute>
      <name>NarrativeWriterSearchAttribute</name>
    </attribute>
    <attribute>
      <name>ViewerSearchAttribute</name>
    </attribute>
    </attributes>
    <routingVersion>2</routingVersion>
    <routePaths>
    <routePath>
      <start name="Initiated" nextNode="isHierarchyChild" />
      <split name="isHierarchyChild">
      <branch name="False">
        <role name="OSPInitial" nextNode="ProposalPersons" />
        <role name="ProposalPersons" nextNode="DepartmentRouting" />
        <requests name="DepartmentRouting" nextNode="CollegeRouting" />
        <requests name="CollegeRouting" nextNode="PeopleFlows" />
        <requests name="PeopleFlows" nextNode="OSPOfficeRouting" />
        <role name="OSPOfficeRouting" nextNode="Join" />
      </branch>
      <branch name="True">
        <requests name="WaitForHierarchyDisposition" nextNode="Join" />
      </branch>
      <join name="Join" />
      </split>
    </routePath>
    </routePaths>
    <routeNodes>
    <start name="Initiated">
      <activationType>P</activationType>
      <mandatoryRoute>false</mandatoryRoute>
      <finalApproval>false</finalApproval>
    </start>
    <split name="isHierarchyChild">
      <type>org.kuali.coeus.sys.framework.workflow.SimpleBooleanSplitNode</type>
    </split>
    <role name="OSPInitial">
      <qualifierResolverClass>org.kuali.rice.kew.role.NullQualifierResolver</qualifierResolverClass>
      <activationType>S</activationType>
      <finalApproval>false</finalApproval>
    </role>
    <role name="ProposalPersons">
      <qualifierResolver>ProposalPersons-XPathQualifierResolver</qualifierResolver>
      <activationType>P</activationType>
      <finalApproval>false</finalApproval>
    </role>
    <requests name="PeopleFlows">
      <activationType>R</activationType>
      <rulesEngine executorClass="org.kuali.coeus.propdev.impl.core.ProposalDevelopmentRulesEngineExecutorImpl" />
    </requests>
    <requests name="DepartmentRouting">
      <activationType>P</activationType>
      <finalApproval>false</finalApproval>
      <ruleSelector>Named</ruleSelector>
      <ruleName>DepartmentRoutingRule</ruleName>
    </requests>
    <requests name="CollegeRouting">
      <activationType>P</activationType>
      <finalApproval>false</finalApproval>
      <ruleSelector>Named</ruleSelector>
      <ruleName>CollegeRoutingRule</ruleName>
    </requests>
    <role name="OSPOfficeRouting">
      <qualifierResolverClass>org.kuali.rice.kew.role.NullQualifierResolver</qualifierResolverClass>
      <activationType>S</activationType>
      <finalApproval>false</finalApproval>
    </role>
    <join name="Join" />
    <requests name="WaitForHierarchyDisposition">
      <activationType>S</activationType>
      <ruleTemplate>HierarchyParentDispositionApproval</ruleTemplate>
      <mandatoryRoute>true</mandatoryRoute>
      <ignorePrevious>true</ignorePrevious>
      <finalApproval>false</finalApproval>
    </requests>
    </routeNodes>
  </documentType>
  </documentTypes>
  <ruleTemplates xmlns="ns:workflow/RuleTemplate" xsi:schemaLocation="ns:workflow/RuleTemplate resource:RuleTemplate">
    <ruleTemplate allowOverwrite="true">
      <name>DepartmentRouting</name>
      <description>Department Routing</description>
    </ruleTemplate>

    <ruleTemplate allowOverwrite="true">
      <name>CollegeRouting</name>
      <description>College Routing</description>
    </ruleTemplate>
    <ruleTemplate allowOverwrite="true">
		<name>HierarchyParentDispositionApproval</name>
		<description>Approval rule from the hierarchy parent to hierarchy children.</description>
	</ruleTemplate>
  </ruleTemplates>
  <rules xmlns="ns:workflow/Rule" xsi:schemaLocation="ns:workflow/Rule resource:Rule">

    <rule>
      <name>DepartmentRoutingRule</name>
      <documentType>ProposalDevelopmentDocument</documentType>
      <ruleTemplate>DepartmentRouting</ruleTemplate>
      <description>Department Routing</description>
      <responsibilities>
        <responsibility>
          <roleName attributeClassName="co.kuali.coeus.workflow.UnitAdministratorRoleAttribute">Department Head!3!true</roleName>
          <approvePolicy>A</approvePolicy><!-- A[ll] F[irst] -->
          <actionRequested>A</actionRequested><!-- F[YI] A[PPROVE] K[NOWLADGE] -->
        </responsibility>
      </responsibilities>
    </rule>

    <rule>
      <name>CollegeRoutingRule</name>
      <documentType>ProposalDevelopmentDocument</documentType>
      <ruleTemplate>CollegeRouting</ruleTemplate>
      <description>College Routing</description>
      <responsibilities>
        <responsibility>
          <roleName attributeClassName="co.kuali.coeus.workflow.UnitAdministratorRoleAttribute">Dean of College!3!false</roleName>
          <approvePolicy>A</approvePolicy><!-- A[ll] F[irst] -->
          <actionRequested>A</actionRequested><!-- F[YI] A[PPROVE] K[NOWLADGE] -->
        </responsibility>
      </responsibilities>
    </rule>

  </rules>
  
	<ruleAttributes xmlns="ns:workflow/RuleAttribute" xsi:schemaLocation="ns:workflow/RuleAttribute resource:RuleAttribute">
		<ruleAttribute>
			<name>CopyCustomActionListAttribute</name>
			<className>
				org.kuali.coeus.sys.impl.workflow.CopyCustomActionListAttribute
			</className>
			<label>Copy Action List Attribute</label>
			<description>Copy Action List Attribute</description>
			<type>ActionListAttribute</type>
			<serviceNamespace>KC</serviceNamespace>
		</ruleAttribute>

		<ruleAttribute>
			<name>AggregatorSearchAttribute</name>
			<className>org.kuali.rice.kew.docsearch.xml.StandardGenericXMLSearchableAttribute</className>
			<label>AggregatorSearchAttribute</label>
			<description>AggregatorSearchAttribute</description>
			<type>SearchableXmlAttribute</type>
			<serviceNamespace>KC</serviceNamespace>
			<searchingConfig>
				<fieldDef name="aggregator" title="Aggregator">
					<display>
						<type>text</type>
					</display>
					<lookup businessObjectClass="org.kuali.rice.kim.api.identity.Person">
				      <fieldConversions>
				        <fieldConversion lookupFieldName="principalName" localFieldName="aggregator"/>
				      </fieldConversions>
				    </lookup>
					
					<fieldEvaluation>
						<!-- not sure yet -->
						<!--  example //organization/organizationId -->
						<xpathexpression>
							//aggregator/string
						</xpathexpression>
					</fieldEvaluation>
				</fieldDef>
				<xmlSearchContent>
					<users>
						<aggregator>
							<value>%aggregator%</value>
						</aggregator>
					</users>
				</xmlSearchContent>
			</searchingConfig>
		</ruleAttribute>
		<ruleAttribute>
			<name>BudgetCreatorSearchAttribute</name>
			<className>
				org.kuali.rice.kew.docsearch.xml.StandardGenericXMLSearchableAttribute
			</className>
			<label>BudgetCreatorSearchAttribute</label>
			<description>BudgetCreatorSearchAttribute</description>
			<type>SearchableXmlAttribute</type>
			<serviceNamespace>KC</serviceNamespace>
			<searchingConfig>
				<fieldDef name="budgetCreator" title="Budget Creator">
					<display>
						<type>text</type>
					</display>
					<lookup businessObjectClass="org.kuali.rice.kim.api.identity.Person">
				      <fieldConversions>
				        <fieldConversion lookupFieldName="principalName" localFieldName="budgetCreator"/>
				      </fieldConversions>
				    </lookup>
					
					<fieldEvaluation>
						<xpathexpression>
							//budgetcreator/string
						</xpathexpression>
					</fieldEvaluation>
				</fieldDef>
				<xmlSearchContent>
					<users>
						<budgetCreator>
							<value>%budgetCreator%</value>
						</budgetCreator>
					</users>
				</xmlSearchContent>
			</searchingConfig>
		</ruleAttribute>
		<ruleAttribute>
			<name>NarrativeWriterSearchAttribute</name>
			<className>org.kuali.rice.kew.docsearch.xml.StandardGenericXMLSearchableAttribute</className>
			<label>NarrativeWriterSearchAttribute</label>
			<description>NarrativeWriterSearchAttribute</description>
			<type>SearchableXmlAttribute</type>
			<serviceNamespace>KC</serviceNamespace>
			<searchingConfig>
				<fieldDef name="narrativeWriter"
					title="Narrative Writer">
					<display>
						<type>text</type>
					</display>
					<lookup businessObjectClass="org.kuali.rice.kim.api.identity.Person">
				      <fieldConversions>
				        <fieldConversion lookupFieldName="principalName" localFieldName="narrativeWriter"/>
				      </fieldConversions>
				    </lookup>
					
					<fieldEvaluation>
						<xpathexpression>
							//narrativewriter/string
						</xpathexpression>
					</fieldEvaluation>
				</fieldDef>
				<xmlSearchContent>
					<users>
						<narrativeWriter>
							<value>%narrativeWriter%</value>
						</narrativeWriter>
					</users>
				</xmlSearchContent>
			</searchingConfig>
		</ruleAttribute>
		<ruleAttribute>
			<name>ViewerSearchAttribute</name>
			<className>org.kuali.rice.kew.docsearch.xml.StandardGenericXMLSearchableAttribute</className>
			<label>ViewerSearchAttribute</label>
			<description>ViewerSearchAttribute</description>
			<type>SearchableXmlAttribute</type>
			<serviceNamespace>KC</serviceNamespace>
			<searchingConfig>
				<fieldDef name="viewer" title="Viewer">
					<display>
						<type>text</type>
					</display>
					<lookup businessObjectClass="org.kuali.rice.kim.api.identity.Person">
				      <fieldConversions>
				        <fieldConversion lookupFieldName="principalName" localFieldName="viewer"/>
				      </fieldConversions>
				    </lookup>
					
					<fieldEvaluation>
						<xpathexpression>
							//viewer/string
						</xpathexpression>
					</fieldEvaluation>
				</fieldDef>
				<xmlSearchContent>
					<users>
						<viewer>
							<value>%viewer%</value>
						</viewer>
					</users>
				</xmlSearchContent>
			</searchingConfig>
		</ruleAttribute>
        <ruleAttribute>
            <name>ProposalPersons-XPathQualifierResolver</name>
            <className>org.kuali.rice.kew.role.XPathQualifierResolver</className>
            <label>ProposalPersons-XPathQualifierResolver</label>
            <description>ProposalPersons-XPathQualifierResolver</description>
            <type>QualifierResolver</type>
            <serviceNamespace>KC</serviceNamespace>
            <resolverConfig>
                <attributes name="proposal">
                    <xPathExpression>//document/developmentProposal/proposalNumber</xPathExpression>
                </attributes>
            </resolverConfig>
        </ruleAttribute>
	</ruleAttributes>
</data>
