<?xml version="1.0" encoding="UTF-8"?>
<!--

    Copyright 2005-2015 The Kuali Foundation

    Licensed under the Educational Community License, Version 2.0 (the "License");
    you may not use this file except in compliance with the License.
    You may obtain a copy of the License at

    http://www.opensource.org/licenses/ecl2.php

    Unless required by applicable law or agreed to in writing, software
    distributed under the License is distributed on an "AS IS" BASIS,
    WITHOUT WARRANTIES OR CONDITIONS OF ANY KIND, either express or implied.
    See the License for the specific language governing permissions and
    limitations under the License.

-->
<data xmlns="ns:workflow" xmlns:xsi="http://www.w3.org/2001/XMLSchema-instance" xsi:schemaLocation="ns:workflow resource:WorkflowData">
  <documentTypes xmlns="ns:workflow/DocumentType" xsi:schemaLocation="ns:workflow/DocumentType resource:DocumentType">
    <documentType>
      <name>KualiNotification</name>
      <description>This is the re-usable notification document type that will be used for delivering all notifications with KEW.</description>
      <label>Notification</label>
      <postProcessorName>org.kuali.rice.ken.postprocessor.kew.NotificationPostProcessor</postProcessorName>
      <superUserGroupName namespace="KR-WKFLW">NotificationAdmin</superUserGroupName>
      <blanketApproveGroupName namespace="KR-WKFLW">WorkflowAdmin</blanketApproveGroupName>
      <defaultExceptionGroupName namespace="KR-WKFLW">WorkflowAdmin</defaultExceptionGroupName>
      <docHandler>${ken.url}/DetailView.form</docHandler>
      <active>true</active>
      <attributes>
        <attribute>
          <name>NotificationCustomActionListAttribute</name>
        </attribute>
        <attribute>
          <name>NotificationContentTypeSearchableAttribute</name>
        </attribute>
        <attribute>
          <name>NotificationChannelSearchableAttribute</name>
        </attribute>
        <attribute>
          <name>NotificationProducerSearchableAttribute</name>
        </attribute>
        <attribute>
          <name>NotificationPrioritySearchableAttribute</name>
        </attribute>
        <attribute>
          <name>NotificationRecipientsSearchableAttribute</name>
        </attribute>
        <attribute>
          <name>NotificationSendersSearchableAttribute</name>
        </attribute>
      </attributes>
      <routingVersion>1</routingVersion>
      <routePaths>
        <routePath>
          <start name="Adhoc Routing" />
        </routePath>
      </routePaths>
      <routeNodes>
        <start name="Adhoc Routing">
          <activationType>S</activationType>
          <mandatoryRoute>false</mandatoryRoute>
          <finalApproval>true</finalApproval>
        </start>
      </routeNodes>
    </documentType>
  </documentTypes>
</data>

