<?xml version="1.0" encoding="UTF-8"?>
<!--
   - Kuali Coeus, a comprehensive research administration system for higher education.
   - 
   - Copyright 2005-2015 Kuali, Inc.
   - 
   - This program is free software: you can redistribute it and/or modify
   - it under the terms of the GNU Affero General Public License as
   - published by the Free Software Foundation, either version 3 of the
   - License, or (at your option) any later version.
   - 
   - This program is distributed in the hope that it will be useful,
   - but WITHOUT ANY WARRANTY; without even the implied warranty of
   - MERCHANTABILITY or FITNESS FOR A PARTICULAR PURPOSE.  See the
   - GNU Affero General Public License for more details.
   - 
   - You should have received a copy of the GNU Affero General Public License
   - along with this program.  If not, see <http://www.gnu.org/licenses/>.
 -->
<data xmlns="ns:workflow" xmlns:xsi="http://www.w3.org/2001/XMLSchema-instance" xsi:schemaLocation="ns:workflow resource:WorkflowData">
	<documentTypes xmlns="ns:workflow/DocumentType" xsi:schemaLocation="ns:workflow/DocumentType resource:DocumentType">
		<documentType>
			<name>KcPersonExtendedAttributesMaintenanceDocument</name>
			<description>Create/Edit a KC Person Extended Attributes entry</description>
			<label>Person</label>
			<parent>KcMaintenanceDocument</parent>
		</documentType>
	</documentTypes>
	
	<ruleAttributes xmlns="ns:workflow/RuleAttribute" xsi:schemaLocation="ns:workflow/RuleAttribute resource:RuleAttribute">
       <ruleAttribute>
            <serviceNamespace>KC</serviceNamespace>
            <name>PersonCustomDataAttribute</name>
            <className>org.kuali.rice.kew.rule.xmlrouting.StandardGenericXMLRuleAttribute</className>
            <label>PersonCustomDataAttribute</label>
            <description>PersonCustomDataAttribute</description>
            <type>RuleXmlAttribute</type>
            <routingConfig>
                <fieldDef name="billingElement" title="Billing Element" workflowType="RULE">
                    <display>
                        <type>text</type>
                    </display>
                    <validation required="false" />
                    <fieldEvaluation>
                        <xpathexpression>string(//xmlRouting/field[@name='billingElement']/value) = wf:ruledata('billingElement')</xpathexpression>
                    </fieldEvaluation>
                </fieldDef>
                <fieldDef name="costSharingBudget" title="Cost Sharing Budget" workflowType="RULE">
                    <display>
                        <type>text</type>
                    </display>
                    <validation required="false" />
                    <fieldEvaluation>
                        <xpathexpression>string(//xmlRouting/field[@name='costSharingBudget']/value) = wf:ruledata('costSharingBudget')</xpathexpression>
                    </fieldEvaluation>
                </fieldDef>
                <fieldDef name="numberOfTrainees" title="Number of Trainees" workflowType="RULE">
                    <display>
                        <type>text</type>
                    </display>
                    <validation required="false" />
                    <fieldEvaluation>
                        <xpathexpression>string(//xmlRouting/field[@name='numberOfTrainees']/value) = wf:ruledata('numberOfTrainees')</xpathexpression>
                    </fieldEvaluation>
                </fieldDef>
                <fieldDef name="graduateStudentCount" title="Graduate Student Count" workflowType="RULE">
                    <display>
                        <type>text</type>
                    </display>
                    <validation required="false" />
                    <fieldEvaluation>
                        <xpathexpression>string(//xmlRouting/field[@name='graduateStudentCount']/value) = wf:ruledata('graduateStudentCount')</xpathexpression>
                    </fieldEvaluation>
                </fieldDef>
                <fieldDef name="tenured" title="Tenured" workflowType="RULE">
                    <display>
                        <type>text</type>
                    </display>
                    <validation required="false" />
                    <fieldEvaluation>
                        <xpathexpression>string(//xmlRouting/field[@name='tenured']/value) = wf:ruledata('tenured')</xpathexpression>
                    </fieldEvaluation>
                </fieldDef>
                <fieldDef name="exportControls" title="Export Controls" workflowType="RULE">
                    <display>
                        <type>text</type>
                    </display>
                    <validation required="false" />
                    <fieldEvaluation>
                        <xpathexpression>string(//xmlRouting/field[@name='exportControls']/value) = wf:ruledata('exportControls')</xpathexpression>
                    </fieldEvaluation>
                </fieldDef>
                <fieldDef name="inventions" title="Inventions" workflowType="RULE">
                    <display>
                        <type>text</type>
                    </display>
                    <validation required="false" />
                    <fieldEvaluation>
                        <xpathexpression>string(//xmlRouting/field[@name='inventions']/value) = wf:ruledata('inventions')</xpathexpression>
                    </fieldEvaluation>
                </fieldDef>
                <fieldDef name="localReviewDate" title="Local Review Date" workflowType="RULE">
                    <display>
                        <type>text</type>
                    </display>
                    <validation required="false" />
                    <fieldEvaluation>
                        <xpathexpression>string(//xmlRouting/field[@name='localReviewDate']/value) = wf:ruledata('localReviewDate')</xpathexpression>
                    </fieldEvaluation>
                </fieldDef>
            </routingConfig>
        </ruleAttribute>
    </ruleAttributes>
</data>
